<?xml version="1.0" encoding="UTF-8"?>
<beans xmlns="http://www.springframework.org/schema/beans"
	xmlns:xsi="http://www.w3.org/2001/XMLSchema-instance" xmlns:context="http://www.springframework.org/schema/context"
	xsi:schemaLocation="
           http://www.springframework.org/schema/beans
           http://www.springframework.org/schema/beans/spring-beans-3.0.xsd
           http://www.springframework.org/schema/context
           http://www.springframework.org/schema/context/spring-context-3.0.xsd">


	<!-- Activates annotation-based bean configuration -->
	<context:annotation-config />
	<!-- Scans for application @Components to deploy -->
	<context:component-scan base-package="org.zkoss.reference.developer" />
	<context:component-scan base-package="com.co.dao" />
	<context:component-scan base-package="com.co.business" />
	
	
	<bean id="dataSource" class="oracle.jdbc.pool.OracleDataSource">
		<property name="dataSourceName" value="ds" />
		<property name="URL" value="jdbc:oracle:thin:@localhost:1521:xe" />
		<property name="user" value="KARATE" />
		<property name="password" value="KARATE" />
	</bean>

	<bean id="mySessionFactory"
		class="org.springframework.orm.hibernate3.annotation.AnnotationSessionFactoryBean">
		<property name="dataSource" ref="dataSource" />
		<property name="annotatedClasses">
			<list>
				<value>com.co.modelos.TipoDocumento</value>
			</list>
		</property>
		<property name="hibernateProperties">
			<props>
				<prop key="hibernate.dialect">org.hibernate.dialect.Oracle10gDialect</prop>
				<prop key="hibernate.show_sql">true</prop>
				<prop key="hibernate.hbm2ddl.auto">update</prop>
			</props>
		</property>
	</bean>
</beans>
